peptide_id,Oligo
0,gtcagcaggtggtttgacCAGCTTCTATTTATATAGCGAACGATATCAGTATGGCAAGGTGGCCCCGCGAGTAGTGCTTCAGAATTGGTCCTCCACGAATGCGAAGAGGCACTGTATCACGGTAGCTAAAAGGATcatgctggtcttcggg
1,gtcagcaggtggtttgacGGGCCCCTGGATTCGATCCATCGAAATGTAATAGATTAGCAACGTTATCCGAGAAAAGGTATATAGTGTGATCCACTGTTTTTACTTACCCCGTTTACTATATAGGGACTACCCTAAcatgctggtcttcggg
2,gtcagcaggtggtttgacCCCGCTAATAAAGCGTGGGCACCATCTCCGTAGGATGAAGTTATTAAAGCACGTGTTGTCACAAAGACGAGAATATGGTGTAAGATCATCGGATTCCGCCACGACTCAGAATGTCTCcatgctggtcttcggg
3,gtcagcaggtggtttgacGAGCGCTCACTATAATCTAATCGAATCGCATTCCGTGAAAGAATTACTGTTAAAGAGCGCAGGCCGATTCTTGCCTGCATATATACATCATGATAGTTACGCTTGCGTATAAGGGGAcatgctggtcttcggg
4,gtcagcaggtggtttgacAACAAACGGCGCAACGATACGGTTTGGCCTCAGTTATTGGTTGTAGCCGGAGTATAGCTGGGTCATTAGTTCTCAAAGGATTCCATAGACGGGATCGTCTGCTGTGAAAATTAGGCTcatgctggtcttcggg
5,gtcagcaggtggtttgacCCCTTGGCCTATTAGCAATAGCCGGTGGCGCTTGTTAAATGCATGCAGCAAGATGCGAGTCTGATTACGCATAGCTAGGTCGGCGGGTATCCACAAGCCCGATCCGGCGACAGCTACcatgctggtcttcggg
6,gtcagcaggtggtttgacGTGTCAACCCCGCGGTTTGGAACCCAACTATACCACCCGTTACGGCAGGCTTCAGTGGTTCCCCCGACGCAAATGCTGATCCATTTTGACGATGTAAGCAGCTTGGTATTACACGAGcatgctggtcttcggg
7,gtcagcaggtggtttgacTTCGATGCCATACTCCGCACGTGCGCGTCTACATACTACCGGATTCGAGCTGTACGGAAGGGCCTCGCTTCACATTCATCAGCAGTAAGTGGTTGGGAGGGCTTTTACCTATACAGTcatgctggtcttcggg
8,gtcagcaggtggtttgacAGTTGCTACATAACGCCAGCCCAGCAACGCTGCGATTGAGATGATTGGATTTTAGATCATAGACTCAGAAGGCTATTTCTACATGATTTACCTATAGCAGTTTTCCTCTTCCAAATTcatgctggtcttcggg
9,gtcagcaggtggtttgacCGTGTAGTGAATCCGACCGTTCCGTAACGCACCTATTATTAAAACCCCAAATCCGTTCGGAGTCCAGCATTGGTGACGCAAACATTATAACAATTTCTCCGGATTGAGGTCTCCATTcatgctggtcttcggg
